category,object,claimed,measured,agrees,evidence
db-inventory,desi_void_fastspecfit.raw_catalogs.fastspecfit_galaxies,"README: 6,445,927 rows; ROADMAP: 6.4M","reltuples=6,445,880; exact_count=6,445,927",yes,"pgsql01 read-only pg_class and COUNT(*) on 2026-07-10"
db-inventory,desi_void_desivast.raw_catalogs.desivast_voids,"README/ROADMAP: 10,752/~10.7K","reltuples=10,752; exact_count=10,752",yes,"pgsql01 read-only pg_class and COUNT(*) on 2026-07-10"
db-inventory,desi_publication_v1.publication_v1.galaxy_void_relationships,"ROADMAP: 6.4M complete","reltuples=-1 (unknown); exact_count=0",no,"pgsql01 read-only pg_class and COUNT(*) on 2026-07-10"
db-inventory,desi_publication_v1.publication_v1.galaxies,"ARD publication product implied","reltuples=-1 (unknown); exact_count=0",no,"pgsql01 read-only pg_class and COUNT(*) on 2026-07-10"
db-inventory,desi_publication_v1.publication_v1.voids,"ARD publication product implied","reltuples=-1 (unknown); exact_count=0",no,"pgsql01 read-only pg_class and COUNT(*) on 2026-07-10"
db-inventory,desi_publication_v1.publication_v1.galaxy_embeddings,"ARD publication product implied","reltuples=-1 (unknown); exact_count=0",no,"pgsql01 read-only pg_class and COUNT(*) on 2026-07-10"
db-inventory,desi_publication_v1.publication_v1.galaxy_ml,"ARD publication product implied","reltuples=-1 (unknown); exact_count=0",no,"pgsql01 read-only pg_class and COUNT(*) on 2026-07-10"
db-inventory,desi_publication_v1.publication_v1.discovery_candidates,"","view; reltuples=-1",n/a,"pgsql01 read-only pg_class on 2026-07-10"
db-inventory,desi_publication_v1.publication_v1.environmental_analysis,"","view; reltuples=-1",n/a,"pgsql01 read-only pg_class on 2026-07-10"
db-inventory,desi_publication_v1.public.source_galaxies,"","foreign table; reltuples=-1",n/a,"pgsql01 read-only pg_class on 2026-07-10"
db-inventory,desi_publication_v1.public.source_voids,"","foreign table; reltuples=-1",n/a,"pgsql01 read-only pg_class on 2026-07-10"
db-inventory,desi_void_desivast.public.desivast_revolver_voids,"","reltuples=-1 (unknown)",n/a,"pgsql01 read-only pg_class on 2026-07-10"
db-inventory,desi_void_desivast.public.desivast_vide_voids,"","reltuples=-1 (unknown)",n/a,"pgsql01 read-only pg_class on 2026-07-10"
db-inventory,desi_void_desivast.public.desivast_voidfinder_maximals,"","reltuples=-1 (unknown)",n/a,"pgsql01 read-only pg_class on 2026-07-10"
db-inventory,desi_void_desivast.public.desivast_zobov_voids,"","reltuples=-1 (unknown)",n/a,"pgsql01 read-only pg_class on 2026-07-10"
db-inventory,desi_void_fastspecfit.public.fastspecfit_galaxies,"","reltuples=-1 (unknown)",n/a,"pgsql01 read-only pg_class on 2026-07-10"
db-inventory,postgres.public.fastspecfit_galaxies,"","reltuples=-1 (unknown); exact_count=0",n/a,"pgsql01 read-only catalog search and COUNT(*) on 2026-07-10"
assignment,galaxy_void_assignment,"ROADMAP: galaxy_void_assignments, 6.4M, complete","No populated assignment relation. publication_v1.galaxy_void_relationships exact_count=0; no other assignment table found.",no,"pgsql01 catalog search across every non-template database"
assignment,assignment_provenance,"Phase 02: consistent quenching signals across four algorithms","PLACEHOLDER PROXY verdict. 03-systematic-uncertainty.py lines 226-248 assigns samples by RA bands (120-180 etc.) with RANDOM(); it explicitly says this is not actual membership.",no,"work-logs/02-catalog-validation/03-systematic-uncertainty.py"
vac-status,PROVABGS,"ROADMAP target raw_catalogs.provabgs; README links EDR product","absent: no table or staged file found; DR1/EDR cannot be determined",no,"catalog scan all databases; targeted find under fs02 ml-datasets and repo staging/data/output"
vac-status,Gfinder,"ROADMAP target raw_catalogs.gfinder_groups","absent: no table or staged file found",no,"catalog scan all databases; targeted filesystem search"
vac-status,AGN/QSO,"ROADMAP target raw_catalogs.agnqso_summary","absent: no table or staged file found",no,"catalog scan all databases; targeted filesystem search"
vac-status,CIV absorber,"ROADMAP target raw_catalogs.civ_absorbers","absent: no table or staged file found",no,"catalog scan all databases; targeted filesystem search"
vac-status,MgII absorber,"ROADMAP target raw_catalogs.mgii_absorbers","absent: no table or staged file found",no,"catalog scan all databases; targeted filesystem search"
vac-status,BHMass/QMassIron,"ROADMAP target raw_catalogs.bhmass; README calls it QMassIron","absent: no table or staged file found",no,"catalog scan all databases; targeted filesystem search"
vac-status,Stellar Mass/EmLine,"README VAC inventory only","absent: no table or staged file found",no,"catalog scan all databases; targeted filesystem search"
tile-audit,fs02-tile-root,"Spectral tiles on radio-fs02","/mnt/fs02/ml-datasets/repository-datasets/desi-qad (reachable CIFS mount)",yes,"findmnt, /etc/fstab, and directory inspection on 2026-07-10"
tile-audit,tile-outcomes,"ROADMAP: 12,207 tiles; README/AGENTS: 10.8K or 10,800+","12,207 tile directories = 10,793 Parquet outputs + 1,414 _SUCCESS_NO_QSO markers; 0 unaccounted by count",yes,"find tile_* and output-marker counts under desi-qad"
tile-audit,parquet-files,"","10,793 Parquet files",n/a,"find -iname '*.parquet' under desi-qad"
tile-audit,failed-tiles,"","0 recorded: all 12,207 tile directories have a success outcome; production log ends 'Run finished' with no ERROR/FAILED/EXCEPTION matches",n/a,"desi-qad markers and 03-production_20250901_043529.log.txt"
tile-audit,parquet-size,"README/AGENTS: ~32 GB; ROADMAP: 108 GB","115,994,008,603 bytes = 108.028 GiB = 115.994 GB",no,"sum of Parquet file sizes under desi-qad"
doc-claim,postgres-topology,"ROADMAP: one PostgreSQL schema design raw_catalogs","multi-database legacy layout: desi_void_fastspecfit, desi_void_desivast, desi_publication_v1; no desi_ard/cosmicvoids_ard database",no,"SELECT datname FROM pg_database and per-database catalog inventory"
doc-claim,post-QA-galaxy-sample,"AGENTS/Phase 02: 6,342,556 (98.4% retention)","No materialized post-QA table found. Source exact_count=6,445,927; claimed retained count is not independently recoverable from live tables.",no,"catalog inventory; no post-QA relation found"
doc-claim,Phase-02-quenching,"Phase 02: consistent quenching signals","unsupported by live state: no populated assignment table and analysis code declares proxy RA partitioning",no,"assignment table COUNT(*) and systematic-uncertainty.py lines 226-248"
doc-claim,infrastructure-hosts,"README/AGENTS: pgsql01=10.25.20.8; fs02=10.25.20.15","matches configured host and /etc/fstab SMB targets",yes,"/opt/agents/.env variable use without disclosure; /etc/fstab"
